IP, AdjacentTo
netDraw,netDrawSetUpAndExecution
netDraw,logPuzzleSupportTools
netDraw,graphPreparation
netDraw,centrality
logpuzzle_advanced,imageDownloader
logpuzzle_advanced,logPuzzleSupportTools
logpuzzle_advanced,stepIncrement
logpuzzle_advanced,emailManupulator
logpuzzle_advanced,stepIncrement
logpuzzle_advanced,emailVarificationTool
logpuzzle_advanced,stepIncrement
logpuzzle_advanced,ipFetchingAdjTableGenerator
logpuzzle_advanced,stepIncrement
logpuzzle_advanced,stepIncrement
logpuzzle_advanced,networkGraph
logpuzzle_advanced,stepIncrement
logpuzzle_advanced,stepIncrement
logpuzzle_advanced,csvGenerator
logpuzzle_advanced,adjListToCSVConversion
logpuzzle_advanced,stepIncrement
logpuzzle_advanced,networkxSimulation
logpuzzle_advanced,stepIncrement
logpuzzle_advanced,networkxSimulation
logpuzzle_advanced,stepIncrement
logpuzzle_advanced,netDraw
logpuzzle_advanced,ipLocationTracker
logpuzzle_advanced,stepIncrement
logpuzzle_advanced,generateHTMLFromJSON
centrality,degreeCentrality
centrality,betweennessCentrality
centrality,closenessCentrality
centrality,eigenvectorCentrality
centrality,katzCentrality
centrality,pagerankCentrality
centrality,hitsHubsAndAuthorities
graphPreparation,preparingNXGraph_directed
graphPreparation,preparingNXGraph_undirected
graphPreparation,addingAttributesToNodes
imageDownloader,read_urls
imageDownloader,download_images
imageDownloader,numberOfImageFileRetrieved
generateHTMLFromJSON,getAllJSONFiles
generateHTMLFromJSON,generateHTMLFromJSON
adjListToCSVConversion,adjListToCSVConverter
adjListToCSVConversion,removeDuplicatedCSVContents
adjListToCSVConversion,removeAFile
networkGraph,networkGraphVisualization
ipLocationTracker,IPLocationFinderUsingIPAPImodule
logPuzzleSupportTools,checkPathExists
logPuzzleSupportTools,saveToDirectory
logPuzzleSupportTools,saveToDirectory
logPuzzleSupportTools,saveToDirectory
logPuzzleSupportTools,saveToDirectory
logPuzzleSupportTools,saveToDirectory
logPuzzleSupportTools,saveToDirectory
logPuzzleSupportTools,operatingChoice
logPuzzleSupportTools,getTheNodesAndEdges
logPuzzleSupportTools,getCoordinates
logPuzzleSupportTools,writingIntoCSV
logPuzzleSupportTools,getTheNodesFromCSV
logPuzzleSupportTools,mergingJSONs
logPuzzleSupportTools,loadJsonToCSV
logPuzzleSupportTools,createDirectory
logPuzzleSupportTools,getTheNodesAndEdges
ipFetchingAdjTableGenerator,fetchIpFromLog
ipFetchingAdjTableGenerator,generateIpAdjacencyTable
csvGenerator,csvGenerator
emailManupulator,getTheEmails
emailManupulator,emailsWeightImportance
emailManupulator,getEmailListStrVersion
emailManupulator,domainSplitting
networkxSimulation,networkxSimulation
networkxSimulation,logPuzzleSupportTools
networkxSimulation,netxGraphBuilding
networkxSimulation,netxGraphAddingAttributes
networkxSimulation,networkx
networkxSimulation,shortestPathCalculationAndSavingToFile
networkxSimulation,dealingWithRootGraph
networkxSimulation,getDegrees
networkxSimulation,getDegreeCentralities
networkxSimulation,getEigenVectorCentralities
networkxSimulation,getBetweennessCentralities
networkxSimulation,getHitBroker
networkxSimulation,getCommunities
networkxSimulation,formingModularities
networkxSimulation,ipSortingCommunityWiseJSONCSVgeneration
networkxSimulation,getPercommunityEigenInfluentials
networkxSimulation,getPerCommunityHitBroker
networkxSimulation,getPerCommunityImpHub
networkxSimulation,createJSONFile
networkxSimulation,createJSONFile
networkxSimulation,exportGraphInfoIntoGephi
networkxSimulation,exportGraphInfoIntoDotAndSaveAsImg
emailVarificationTool,emailValidityChecker
